radius,rho,theta,phi,x,y,z
250,750,6.0209204300633195,0.8290246392667093,534.0464328168753,-143.36378472711058,506.6963911695933
250,750,-1.0934763743138172,1.017537211029291,293.14903630025844,-566.7901241921766,394.09719313190595
300,700,6.0209204300633195,0.05383126595634802,36.375789005375346,-9.76501379615739,698.9860130788007
350,650,-2.046471596240596,1.2272426679743413,-280.26606675343123,-544.0725548144744,218.9428850732812
400,600,6.0209204300633195,1.8107899958453322,562.8748580124137,-151.10272256057794,-142.6178861583853
350,650,6.0209204300633195,-0.9483547605743663,-510.0391491487431,136.91907348818924,378.96336716200153
400,600,6.0209204300633195,3.270245308299265,-74.34655718703587,19.958196824842133,-595.0413933617859
250,372.1061207231171,1.1767248391897955,1.7601612753713114,140.31656322133776,337.44353262245943,-70.04348261354852
