radius,rho,theta,phi,x,y,z
250,750,2.2401124965113657,1.652629000277073,-463.7801639645049,586.2162829809483,-61.3060280972231
250,750,2.2401124965113657,2.332302819185317,-336.8099554013825,425.72644426743676,-517.5094671539099
300,700,-3.108520876114558,2.0861770560084536,-608.7405413041049,-20.13947472384899,-345.00631143593995
350,650,-3.108520876114558,1.0839910294777393,-574.1765672996349,-18.995965735064473,304.0730551196538
