radius,rho,theta,phi,x,y,z
250,750,1.5619305604715714,0.24793858692877627,1.6317635176301435,184.0473462427212,727.0652733344059
250,750,1.5619305604715714,0.9276124058370201,5.320655274506103,600.1191183434361,449.80966466511904
300,700,1.5619305604715714,-0.5272547863815851,-3.122606065294975,-352.20015245446194,604.9341302509016
350,650,-2.8393719121943133,1.086784470107562,-549.2623346859283,-171.24415963693377,302.4670651254507
400,387.1814045334342,-1.4210880840774025,1.8114546416757769,56.08374653929215,-371.8173744861333,-92.28159849524593
450,550,1.5619305604715714,2.0265468953522747,4.3784078240868896,493.84260163010356,-242.0750180422111
