radius,rho,theta,phi,x,y,z
300,700,5.427729421848243,3.0906239981521395,23.390196712976156,-26.920636894354462,-699.0909654736862
300,700,-2.384656841002721,2.2547101530377724,-394.42072581936105,-372.5840692848211,-442.2820393813115
300,424.00719786959047,2.5902676446740864,2.1685323354295103,-298.5577852285653,183.59207130527352,-238.61958024955806
